_date,total_views,unique_views
2024-06-13,257,25
2024-06-14,251,27
2024-06-15,8,3
2024-06-16,58,10
2024-06-17,457,23
2024-06-18,359,35
2024-06-19,336,22
2024-06-20,468,35
2024-06-21,243,21
2024-06-22,62,7
2024-06-23,312,8
2024-06-24,306,34
2024-06-25,742,47
2024-06-26,718,62
2024-06-27,377,46
2024-06-28,156,28
2024-06-29,9,8
2024-06-30,145,13
2024-07-01,176,35
2024-07-02,314,45
2024-07-03,207,35
2024-07-04,121,24
2024-07-05,304,25
2024-07-06,22,7
2024-07-07,85,10
2024-07-08,186,39
2024-07-09,297,28
2024-07-10,289,33
2024-07-11,92,29
2024-07-12,185,25
2024-07-13,27,10
2024-07-14,9,7
2024-07-15,228,30
2024-07-16,140,33
2024-07-17,430,30
2024-07-18,201,28
2024-07-19,183,26
2024-07-20,36,6
2024-07-21,83,10
2024-07-22,120,28
2024-07-23,322,37
2024-07-24,265,33
2024-07-25,158,33
2024-07-26,67,13
2024-07-27,64,8
2024-07-28,49,6
2024-07-29,38,19
2024-07-30,70,22
2024-07-31,190,27
2024-08-01,251,26
2024-08-02,69,20
2024-08-03,61,3
2024-08-04,56,8
2024-08-05,176,22
2024-08-06,165,24
2024-08-07,89,30
2024-08-08,443,30
2024-08-09,159,30
2024-08-10,63,7
2024-08-11,34,9
2024-08-12,193,31
2024-08-13,146,32
2024-08-14,438,39
2024-08-15,175,25
2024-08-16,459,16
2024-08-17,21,7
2024-08-18,65,10
2024-08-19,299,26
2024-08-20,374,28
2024-08-21,216,21
2024-08-22,567,33
2024-08-23,111,25
2024-08-24,35,6
2024-08-25,14,5
2024-08-26,268,31
2024-08-27,156,31
2024-08-28,160,21
2024-08-29,234,26
2024-08-30,331,30
2024-08-31,63,7
2024-09-01,100,10
2024-09-02,43,21
2024-09-03,135,22
2024-09-04,349,25
2024-09-05,192,19
2024-09-06,111,21
2024-09-07,28,9
2024-09-08,5,4
2024-09-09,378,19
2024-09-10,77,18
2024-09-11,372,30
2024-09-12,273,33
2024-09-13,275,36
2024-09-14,66,7
2024-09-15,22,6
2024-09-16,215,30
2024-09-17,218,31
2024-09-18,228,36
2024-09-19,204,33
2024-09-20,113,31
2024-09-21,34,9
2024-09-22,182,14
2024-09-23,280,29
2024-09-24,369,29
2024-09-25,181,33
2024-09-26,100,20
2024-09-27,131,27
2024-09-28,33,12
2024-09-29,139,13
2024-09-30,123,37
2024-10-01,176,31
2024-10-02,110,22
2024-10-03,164,34
2024-10-04,127,33
2024-10-05,36,13
2024-10-06,22,12
2024-10-07,129,32
2024-10-08,161,42
2024-10-09,201,34
2024-10-10,103,26
2024-10-11,111,29
2024-10-12,19,10
2024-10-13,12,9
2024-10-14,163,36
2024-10-15,139,27
2024-10-16,137,28
2024-10-17,88,23
2024-10-18,116,28
2024-10-19,24,6
2024-10-20,10,6
2024-10-21,65,32
2024-10-22,102,34
2024-10-23,140,37
2024-10-24,94,28
2024-10-25,79,18
2024-10-26,16,5
2024-10-27,20,7
2024-10-28,88,28
2024-10-29,72,35
2024-10-30,71,29
2024-10-31,60,21
2024-11-01,108,22
2024-11-02,13,9
2024-11-03,27,6
2024-11-04,262,20
2024-11-05,41,18
2024-11-06,35,17
2024-11-07,93,24
2024-11-08,75,25
2024-11-09,16,6
2024-11-10,10,5
2024-11-11,100,17
2024-11-12,73,20
2024-11-13,32,17
2024-11-14,161,23
2024-11-15,88,22
2024-11-16,37,10
2024-11-17,41,7
2024-11-18,101,22
2024-11-19,136,32
2024-11-20,208,39
2024-11-21,56,27
2024-11-22,95,25
2024-11-23,9,5
2024-11-24,32,9
2024-11-25,97,25
2024-11-26,83,26
2024-11-27,78,27
2024-11-28,143,29
2024-11-29,70,18
2024-11-30,10,5
2024-12-01,17,9
2024-12-02,128,28
2024-12-03,191,29
2024-12-04,161,30
2024-12-05,186,25
2024-12-06,273,26
2024-12-07,42,8
2024-12-08,64,12
2024-12-09,131,33
2024-12-10,114,36
2024-12-11,225,38
2024-12-12,111,36
2024-12-13,77,21
2024-12-14,23,3
2024-12-15,5,5
2024-12-16,160,31
2024-12-17,70,19
2024-12-18,111,17
2024-12-19,78,20
2024-12-20,111,22
2024-12-21,6,5
2024-12-22,9,6
2024-12-23,104,22
2024-12-24,109,11
2024-12-25,53,10
2024-12-26,57,15
2024-12-27,29,12
2024-12-28,36,7
2024-12-29,23,2
2024-12-30,30,11
2024-12-31,11,6
2025-01-01,36,6
2025-01-02,92,22
2025-01-03,92,13
2025-01-04,30,11
2025-01-05,23,8
2025-01-06,127,16
2025-01-07,69,17
2025-01-08,70,29
2025-01-09,184,31
2025-01-10,121,20
2025-01-11,29,7
2025-01-12,14,4
2025-01-13,117,22
2025-01-14,227,37
2025-01-15,63,29
2025-01-16,164,25
2025-01-17,65,23
2025-01-18,67,10
2025-01-19,24,11
2025-01-20,150,20
2025-01-21,116,28
2025-01-22,100,20
2025-01-23,82,20
2025-01-24,73,24
2025-01-25,21,6
2025-01-26,28,10
2025-01-27,166,35
2025-01-28,212,30
2025-01-29,125,26
2025-01-30,173,31
2025-01-31,75,21
2025-02-01,9,4
2025-02-02,30,13
2025-02-03,84,21
2025-02-04,149,35
2025-02-05,163,32
2025-02-06,96,35
2025-02-07,120,29
2025-02-08,18,8
2025-02-09,43,6
2025-02-10,202,28
2025-02-11,108,36
2025-02-12,162,30
2025-02-13,82,24
2025-02-14,179,38
2025-02-15,64,12
2025-02-16,34,11
2025-03-18,106,26
2025-03-19,109,35
2025-03-20,108,26
2025-03-21,120,30
2025-03-22,31,8
2025-03-23,10,9
2025-03-24,143,33
2025-03-25,114,31
2025-03-26,91,31
2025-03-27,197,40
2025-03-28,116,22
2025-03-29,14,4
2025-03-30,31,9
2025-03-31,169,31
2025-04-01,317,36
2025-04-02,180,34
2025-04-03,225,40
2025-04-04,57,24
2025-04-05,28,7
2025-04-06,4,4
2025-04-07,197,48
2025-04-08,490,29
2025-04-09,197,22
2025-04-10,303,35
2025-04-11,136,33
2025-04-12,12,9
2025-04-13,71,9
2025-04-14,245,32
2025-04-15,312,43
2025-04-16,255,33
2025-04-17,243,37
2025-04-18,183,28
2025-04-19,31,11
2025-04-20,20,8
2025-04-21,90,20
2025-04-22,316,29
2025-04-23,203,38
2025-04-24,157,22
2025-04-25,35,16
2025-04-26,8,6
2025-04-27,37,5
2025-04-28,83,21
2025-04-29,91,19
2025-04-30,198,34
2025-05-01,36,11
2025-05-02,118,21
2025-05-03,17,7
2025-05-04,76,15
2025-05-05,119,28
2025-05-06,199,24
2025-05-07,140,27
2025-05-08,67,22
2025-05-09,81,18
2025-05-10,53,9
2025-05-11,24,4
2025-05-12,150,23
2025-05-13,173,31
2025-05-14,165,30
2025-05-15,117,26
2025-05-16,50,23
2025-05-17,5,4
2025-05-18,22,6
2025-05-19,117,31
2025-05-20,279,37
2025-05-21,99,29
2025-05-22,213,23
2025-05-23,120,29
2025-05-24,80,11
2025-05-25,37,10
2025-05-26,237,25
2025-05-27,322,39
2025-05-28,215,31
2025-05-29,138,19
2025-05-30,55,22
2025-05-31,20,7
2025-06-01,14,6
2025-06-02,126,25
2025-06-03,120,31
2025-06-04,179,38
2025-06-05,223,22
2025-06-06,52,21
2025-06-07,27,4
2025-06-08,2,2
2025-06-09,96,20
2025-06-10,186,23
2025-06-11,207,23
2025-06-12,179,31
2025-06-13,113,20
2025-06-14,8,4
2025-06-15,10,4
2025-06-16,128,32
2025-06-17,196,28
2025-06-18,178,30
2025-06-19,111,17
2025-06-20,58,12
2025-06-21,9,4
2025-06-22,17,5
2025-06-23,237,35
2025-06-24,199,35
2025-06-25,192,25
2025-06-26,298,26
2025-06-27,44,20
2025-06-28,6,6
2025-06-29,17,9
2025-06-30,124,19
2025-07-01,400,30
2025-07-02,225,30
2025-07-03,160,27
2025-07-04,133,26
2025-07-05,16,6
2025-07-06,25,7
2025-07-07,133,30
2025-07-08,67,20
2025-07-09,169,24
2025-07-10,184,23
2025-07-11,182,22
2025-07-12,69,9
2025-07-13,18,8
2025-07-14,71,18
2025-07-15,53,18
2025-07-16,101,35
2025-07-17,72,17
2025-07-18,97,17
2025-07-19,52,7
2025-07-20,35,12
2025-07-21,134,27
2025-07-22,168,27
2025-07-23,154,29
2025-07-24,31,17
2025-07-25,116,28
2025-07-26,17,7
2025-07-27,15,9
2025-07-28,76,24
2025-07-29,101,22
2025-07-30,119,19
2025-07-31,472,32
2025-08-01,44,17
2025-08-02,10,5
2025-08-03,13,5
2025-08-04,124,31
2025-08-05,65,20
2025-08-06,97,21
2025-08-07,130,27
2025-08-08,87,17
2025-08-09,3,3
2025-08-10,3,1
2025-08-11,93,14
2025-08-12,90,23
2025-08-13,180,23
2025-08-14,52,16
2025-08-15,26,15
2025-08-16,5,3
2025-08-17,15,6
2025-08-18,74,23
2025-08-19,15,12
2025-08-20,63,20
2025-08-21,83,19
2025-08-22,71,18
2025-08-23,24,8
2025-08-24,5,4
2025-08-25,81,19
2025-08-26,33,19
2025-08-27,65,18
2025-08-28,132,26
2025-08-29,43,15
2025-08-30,55,8
2025-08-31,5,3
2025-09-01,92,18
2025-09-02,34,20
2025-09-03,81,15
2025-09-04,90,22
2025-09-05,30,13
2025-09-06,21,8
2025-09-07,9,6
2025-09-08,156,20
2025-09-09,91,26
2025-09-10,157,28
2025-09-11,215,20
2025-09-12,215,18
2025-09-13,12,7
2025-09-14,7,5
2025-09-15,41,18
2025-09-16,179,18
2025-09-17,140,19
2025-09-18,105,20
2025-09-19,59,15
2025-09-20,13,6
2025-09-21,23,4
2025-09-22,55,22
2025-09-23,132,30
2025-09-24,159,25
2025-09-25,117,27
2025-09-26,116,19
2025-09-27,23,6
2025-09-28,8,6
2025-09-29,57,23
2025-09-30,90,21
2025-10-01,26,15
2025-10-02,83,23
2025-10-03,56,13
2025-10-04,45,8
2025-10-05,3,2
2025-10-06,57,22
2025-10-07,37,8
2025-10-08,173,24
2025-10-09,42,19
2025-10-10,39,15
2025-10-11,6,5
2025-10-12,8,5
2025-10-13,46,17
2025-10-14,129,24
2025-10-15,24,10
2025-10-16,140,16
2025-10-17,127,29
2025-10-18,19,6
2025-10-19,30,7
2025-10-20,72,18
2025-10-21,92,23
2025-10-22,96,27
2025-10-23,190,32
2025-10-24,37,27
2025-10-25,21,17
2025-10-26,66,15
2025-10-27,99,27
2025-10-28,48,15
2025-10-29,72,27
2025-10-30,85,25
2025-10-31,70,18
2025-11-01,24,12
2025-11-02,33,11
2025-11-03,43,19
2025-11-04,93,25
2025-11-05,141,35
2025-11-06,179,24
2025-11-07,34,13
2025-11-08,33,7
2025-11-09,8,8
2025-11-10,140,16
2025-11-11,70,22
2025-11-12,68,21
2025-11-13,123,23
2025-11-14,32,14
2025-11-15,10,6
2025-11-16,2,2
2025-11-17,36,10
2025-11-18,177,26
2025-11-19,138,20
2025-11-20,104,22
2025-11-21,36,20
2025-11-22,26,8
2025-11-23,22,7
2025-11-24,130,19
2025-11-25,203,27
2025-11-26,212,28
2025-11-27,61,21
2025-11-28,58,24
2025-11-29,11,9
2025-11-30,9,6
2025-12-01,132,22
2025-12-02,87,21
2025-12-03,97,28
2025-12-04,120,25
2025-12-05,133,24
2025-12-06,22,1
2025-12-07,43,3
2025-12-08,111,31
2025-12-09,119,24
2025-12-10,170,24
2025-12-11,111,22
2025-12-12,42,26
2025-12-13,41,5
2025-12-14,38,6
2026-07-12,24,5
2026-07-13,27,14
2026-07-14,24,13
2026-07-15,15,9
2026-07-16,14,8
2026-07-17,56,11
2026-07-18,3,2
2026-07-19,17,4
2026-07-20,104,12
2026-07-21,75,13
2026-07-22,44,13
2026-07-23,19,8
2026-07-24,124,18
2026-07-25,3,3
2026-07-26,2,2
2026-07-27,20,9
2026-07-28,71,13
2026-07-29,11,9
2026-07-30,27,11
2026-07-31,41,11
2026-08-01,6,5
2026-08-02,19,8
2026-08-03,61,34
2026-08-04,78,32
2026-08-05,40,15
2026-08-06,124,22
2026-08-07,117,16
2026-08-08,13,4
2026-08-09,14,4
2026-08-10,109,24
2026-08-11,108,24
2026-08-12,93,19
2026-08-13,108,15
2026-08-14,69,20
2026-08-15,1,1
2026-08-16,23,14
2026-08-17,45,16
2026-08-18,75,17
2026-08-19,113,20
2026-08-20,68,14
2026-08-21,35,9
2026-08-22,40,7
2026-08-23,49,5
2026-08-24,192,32
2026-08-25,109,23
2026-08-26,85,24
2026-08-27,142,20
2026-08-28,42,8
2026-08-29,3,3
2026-08-30,8,6
2026-08-31,76,16
2026-09-01,109,17
2026-09-02,143,27
2026-09-03,197,21
2026-09-04,171,17
2026-09-05,25,7
2026-09-06,15,5
2026-09-07,143,17
2026-09-08,111,16
2026-09-09,164,22
2026-09-10,217,27
2026-09-11,206,30
2026-09-12,7,6
2026-09-13,15,7
2026-09-14,119,30
2026-09-15,144,24
2026-09-16,151,30
2026-09-17,230,30
2026-09-18,162,19
2026-09-19,10,8
2026-09-20,7,6
2026-09-21,74,19
2026-09-22,106,23
2026-09-23,83,23
2026-09-24,95,20
2026-09-25,47,23
2026-09-26,13,8
2026-09-27,8,7
2026-09-28,74,16
2026-09-29,56,18
2026-09-30,84,21
2026-10-01,50,10
2026-10-02,134,21
2026-10-03,182,12
